name,street_name,number,city,country,email,phone_number
Megan Chapman,Stewart Port,7080,Angelaview,Ethiopia,larsenbill@clark.com,2103322947x409
Jessica Stephenson,Rodriguez Ville,24598,Lake Lisafort,Jamaica,ujarvis@yahoo.com,9013397073x3865
Christopher Gregory,Tracy Neck,92193,Lake Johnhaven,Papua New Guinea,ehartman@li.net,0016784835544x2575
Nathaniel Durham,Boone Expressway,467,Port Danielle,Chile,gjennings@montgomery.com,0019098181487x0040
Trevor Burns,Andrew Cliffs,708,West Crystalport,Botswana,charles89@yahoo.com,7260001130x4206
Nicholas Smith,Jade Greens,27731,Perryborough,Greece,jamescatherine@yahoo.com,0016216314158x27092
Randall Mccormick,Debra Estate,73152,Leeside,Guinea-Bissau,webstermatthew@gmail.com,0471663914x28083
Brittany Huff,Edwards Orchard,666,South Terri,New Caledonia,amanda94@jones.net,0011770429506
Elijah Cooper,Robert Forges,645,West Joseph,Andorra,davidsmith@yahoo.com,0018838768375x47881
Dennis Hicks,Jennifer Crossroad,336,Port Katherine,Czech Republic,browncharles@hotmail.com,0990157903x04300
Shannon Mckinney,Willie Stravenue,25980,South Shawn,Ukraine,williamwalker@hotmail.com,0014370376086x302
Stephen Garcia,Flores Summit,7994,North Sheila,Lao People's Democratic Republic,wallaceaaron@yahoo.com,+16675601227
Christopher Reilly,Pham Shore,0133,South Timothyview,Bahamas,lindseywilson@gmail.com,8839392603
Dale Alexander,Cathy River,2685,Lake Randy,Ethiopia,qmaldonado@gmail.com,4642366187
Shannon Garcia,Kimberly Hills,78012,Mosesbury,Panama,ypham@gmail.com,7342773739x31073
Ricky Harris,Jessica Dale,5948,Reillyton,Tajikistan,rachellewis@yahoo.com,1066789078x8615
Paul Baker,Rodney Key,5192,Hayesborough,Nauru,vellison@gmail.com,903.087.5357
Joshua Jackson,Keller Fall,8269,Stanleyberg,Reunion,dklein@hotmail.com,151.216.9635x33739
Jocelyn Garcia,Wilkinson Rest,0412,New Thomasberg,Bahrain,lhood@gmail.com,0016227293687x498
Roger Park,Henson Shoal,45323,East Elizabethtown,Bulgaria,srogers@taylor-franco.net,0010171794520x6585
Randy Bond,Jacqueline Port,91855,Kevinport,Palau,yolanda30@gmail.com,7854704407x52358
Stephanie Lowe,Allison Hill,53427,South Elizabeth,Netherlands,bmoore@townsend.com,7554817247x68340
Jonathon Jones,John Mall,514,Davisburgh,Austria,woodcolleen@hotmail.com,8572322627
Christopher Choi,Mary Dale,478,South Reginachester,Australia,lunanathan@kline-martin.com,9496630443
Gina Harmon,Stewart Way,955,Harrisfort,Maldives,laura99@bowman-roberts.info,0212526082x7404
Mark Austin,Jonathan Manor,68337,Port Seanberg,Jersey,hwilson@yahoo.com,1633559787
Joshua Munoz,Thomas Stravenue,187,Millermouth,Mauritius,burkevincent@novak-harvey.com,0014124643262x77328
Robert Carlson,Burke Mall,67202,Smithstad,Trinidad and Tobago,mcmahonjackie@walton-krause.com,613.539.9366
Julie Curry,Roberts Port,29675,Dudleyside,Lesotho,uharvey@yahoo.com,+19789843049x032
Katrina Moran,Tyler Loaf,1327,West Jason,Lithuania,oclements@alexander.com,+19455119290x79535
Linda Powell,Gonzalez Islands,6140,Stewartberg,Guadeloupe,karenmartinez@reid.biz,+14709159526
Lisa Mckee,Jenkins Expressway,7523,Lake Paultown,Iran,wreed@gmail.com,648.452.4797
Jessica Padilla,Mark Tunnel,48224,Mackville,Spain,ricelisa@rodriguez-morales.com,5916184279x86537
Denise Bennett,Diana Radial,970,Lake Jayshire,Bahamas,odavis@gordon.com,2001672258
Donald Shepard,Frank Coves,24409,West Rachel,Benin,ygilmore@gmail.com,9910616014
Lucas Parsons,Wells Trail,32654,Vazquezborough,Mauritania,jamesmiller@yahoo.com,+18595627598
Vincent Coleman,Parks Motorway,506,Martinbury,Switzerland,kristinaclark@anderson.net,0010466885596x896
Sara Hernandez,Tamara Squares,62661,Lake Dustin,Colombia,jamesamanda@gmail.com,758.762.0557x65861
Adam Bright,Wright Road,6324,North Josephland,Indonesia,zdavis@mcintosh.biz,6238642663
David Schneider,Gonzalez Ports,8675,South Meganmouth,Portugal,fbarber@yahoo.com,9986473878
Andrew Smith,Marshall Brook,411,Lake Scottberg,Micronesia,hansonbrandon@yahoo.com,3801172615x7343
Philip Fitzgerald,Miller Lodge,4166,West Anthonyshire,Maldives,wilsonkathleen@yahoo.com,3585944389
Jessica Johnston,Ford Pine,4214,East Roymouth,Greenland,michaelhenderson@marks-williams.com,6629229672x13332
Keith Beltran,Mary Ferry,629,Garnerstad,Pitcairn Islands,woodmichael@hall.info,1114079753x3441
Rebecca Love,Johnson Skyway,688,Lake Kenneth,Saint Vincent and the Grenadines,chelseaparker@gmail.com,638.914.6043x685
Thomas Chavez,Courtney Cliff,369,South Gregoryburgh,Greece,thomasdaniel@bush.info,3091398362
John Rivera,Morrison Ridges,9183,Haleyborough,Monaco,angel87@gmail.com,173.280.5231
Julie Austin,Patricia Crescent,7929,South Nancyshire,Qatar,elizabethmiller@yahoo.com,0795166321x26666
Penny Daniels,Griffin Pass,6268,East Nicolestad,Russian Federation,annecalhoun@stone.biz,0013267032141x12255
Briana Valenzuela,Christopher Mall,406,West Lawrence,Guadeloupe,matthewgrant@gmail.com,220.126.8591
Cassidy Hampton,Justin Passage,8803,Jaredtown,Kuwait,tbentley@davis.com,265.332.0814
Douglas Anthony,Anderson Loop,32145,Port Brittany,Netherlands Antilles,lanerobert@gmail.com,5199162759
Scott Powell,Cynthia Meadows,456,Carolineburgh,United States Minor Outlying Islands,wrusso@hotmail.com,1966352983x7120
Lance Best,Alexis Village,769,West Johnton,Mongolia,bbishop@garcia-reed.biz,9466418210x472
David Nguyen,Catherine Spur,85152,East Hunterfort,Swaziland,ooliver@hotmail.com,6171297268x2604
Morgan Holt,Ricardo Mountains,31011,New Jessicachester,Austria,kevin05@bailey.com,+11563722137

